DATE,IMF1,IMF1Y
2014/1/1,-29.02270241,36.41122125
2014/1/2,36.41122125,-32.08555434
2014/1/3,-32.08555434,25.97033083
2014/1/4,25.97033083,-28.64837797
2014/1/5,-28.64837797,40.74351349
2014/1/6,40.74351349,34.15962561
2014/1/7,34.15962561,-59.15573579
2014/1/8,-59.15573579,-43.70310481
2014/1/9,-43.70310481,-19.95400488
2014/1/10,-19.95400488,33.37729324
2014/1/11,33.37729324,-30.74993446
2014/1/12,-30.74993446,44.66335258
2014/1/13,44.66335258,-17.13221781
2014/1/14,-17.13221781,-98.82597656
2014/1/15,-98.82597656,107.8210765
2014/1/16,107.8210765,-51.84957212
2014/1/17,-51.84957212,-76.90927823
2014/1/18,-76.90927823,63.25495741
2014/1/19,63.25495741,-31.16996425
2014/1/20,-31.16996425,-71.78917852
2014/1/21,-71.78917852,2.045262333
2014/1/22,2.045262333,92.32485065
2014/1/23,92.32485065,33.93308039
2014/1/24,33.93308039,-80.02209257
2014/1/25,-80.02209257,-13.78345191
2014/1/26,-13.78345191,43.77879873
2014/1/27,43.77879873,-33.15958358
2014/1/28,-33.15958358,33.07726385
2014/1/29,33.07726385,-40.11727087
2014/1/30,-40.11727087,50.35211357
2014/1/31,50.35211357,43.29248402
2014/2/1,43.29248402,-39.42299098
2014/2/2,-39.42299098,-82.05303062
2014/2/3,-82.05303062,-67.78985743
2014/2/4,-67.78985743,22.87174253
2014/2/5,22.87174253,79.61134227
2014/2/6,79.61134227,74.65576772
2014/2/7,74.65576772,46.42085623
2014/2/8,46.42085623,-8.13030193
2014/2/9,-8.13030193,-24.48190584
2014/2/10,-24.48190584,22.2344197
2014/2/11,22.2344197,-32.33072424
2014/2/12,-32.33072424,-13.09843081
2014/2/13,-13.09843081,8.217668817
2014/2/14,8.217668817,98.54016174
2014/2/15,98.54016174,36.45479736
2014/2/16,36.45479736,-124.8000255
2014/2/17,-124.8000255,-116.3227458
2014/2/18,-116.3227458,-89.64145026
2014/2/19,-89.64145026,38.64859494
2014/2/20,38.64859494,96.12812769
2014/2/21,96.12812769,26.74470216
2014/2/22,26.74470216,-104.0836079
2014/2/23,-104.0836079,-91.39941191
2014/2/24,-91.39941191,33.91674253
2014/2/25,33.91674253,107.2777802
2014/2/26,107.2777802,-82.16228791
2014/2/27,-82.16228791,52.43567484
2014/2/28,52.43567484,-39.70815852
2014/3/1,-39.70815852,16.40385876
2014/3/2,16.40385876,69.68667558
2014/3/3,69.68667558,-100.4924526
2014/3/4,-100.4924526,-96.80778128
2014/3/5,-96.80778128,-61.76482275
2014/3/6,-61.76482275,-26.15260595
2014/3/7,-26.15260595,66.16896104
2014/3/8,66.16896104,-12.42886559
2014/3/9,-12.42886559,-50.65017263
2014/3/10,-50.65017263,58.64458868
2014/3/11,58.64458868,-73.76061082
2014/3/12,-73.76061082,-23.63224617
2014/3/13,-23.63224617,0.693481772
2014/3/14,0.693481772,76.93930639
2014/3/15,76.93930639,111.8279611
2014/3/16,111.8279611,115.3562689
2014/3/17,115.3562689,60.42231561
2014/3/18,60.42231561,41.41789377
2014/3/19,41.41789377,-2.460299977
2014/3/20,-2.460299977,-21.01720666
2014/3/21,-21.01720666,-43.06431814
2014/3/22,-43.06431814,-7.19689405
2014/3/23,-7.19689405,26.86128562
2014/3/24,26.86128562,-33.47543244
2014/3/25,-33.47543244,39.64434661
2014/3/26,39.64434661,63.46455462
2014/3/27,63.46455462,-6.030134136
2014/3/28,-6.030134136,-66.63909366
2014/3/29,-66.63909366,-63.93641474
2014/3/30,-63.93641474,29.63718825
2014/3/31,29.63718825,-13.51710301
2014/4/1,-13.51710301,10.35844452
2014/4/2,10.35844452,-17.4567523
2014/4/3,-17.4567523,24.56626121
2014/4/4,24.56626121,-11.42997929
2014/4/5,-11.42997929,-14.84091473
2014/4/6,-14.84091473,-27.05989179
2014/4/7,-27.05989179,32.53132194
2014/4/8,32.53132194,-45.29279531
2014/4/9,-45.29279531,63.77619928
2014/4/10,63.77619928,-83.08329194
2014/4/11,-83.08329194,-25.42602321
2014/4/12,-25.42602321,46.00646789
2014/4/13,46.00646789,110.4253218
2014/4/14,110.4253218,-51.61654986
2014/4/15,-51.61654986,-87.19914964
2014/4/16,-87.19914964,-40.82433512
2014/4/17,-40.82433512,41.95153145
2014/4/18,41.95153145,-23.0125152
2014/4/19,-23.0125152,12.14461467
2014/4/20,12.14461467,4.842362036
2014/4/21,4.842362036,-8.077990821
2014/4/22,-8.077990821,9.180776345
2014/4/23,9.180776345,-14.20942459
2014/4/24,-14.20942459,25.93693139
2014/4/25,25.93693139,-40.95329084
2014/4/26,-40.95329084,-4.532875921
2014/4/27,-4.532875921,23.38627047
2014/4/28,23.38627047,63.45243553
2014/4/29,63.45243553,78.31390644
2014/4/30,78.31390644,148.6973478
2014/5/1,148.6973478,148.7128901
2014/5/2,148.7128901,148.728939
2014/5/3,148.728939,148.7454856
2014/5/4,148.7454856,148.762521
2014/5/5,148.762521,148.7800363
2014/5/6,148.7800363,148.7980226
2014/5/7,148.7980226,148.8164711
2014/5/8,148.8164711,148.8353728
2014/5/9,148.8353728,148.8547189
2014/5/10,148.8547189,148.8745004
2014/5/11,148.8745004,148.8947085
2014/5/12,148.8947085,148.9153344
2014/5/13,148.9153344,148.936369
2014/5/14,148.936369,148.9578036
2014/5/15,148.9578036,148.9796292
2014/5/16,148.9796292,149.001837
2014/5/17,149.001837,149.024418
2014/5/18,149.024418,149.0473635
2014/5/19,149.0473635,149.0706644
2014/5/20,149.0706644,149.0943119
2014/5/21,149.0943119,149.1182971
2014/5/22,149.1182971,149.1426111
2014/5/23,149.1426111,149.1672451
2014/5/24,149.1672451,149.1921902
2014/5/25,149.1921902,149.2174374
2014/5/26,149.2174374,149.2429779
2014/5/27,149.2429779,149.2688028
2014/5/28,149.2688028,149.2949032
2014/5/29,149.2949032,149.3212702
2014/5/30,149.3212702,149.3478949
2014/5/31,149.3478949,149.3747685
2014/6/1,149.3747685,149.401882
2014/6/2,149.401882,149.4292266
2014/6/3,149.4292266,149.4567934
2014/6/4,149.4567934,149.4845735
2014/6/5,149.4845735,149.512558
2014/6/6,149.512558,149.540738
2014/6/7,149.540738,149.5691047
2014/6/8,149.5691047,149.597649
2014/6/9,149.597649,149.6263623
2014/6/10,149.6263623,149.6552355
2014/6/11,149.6552355,149.6842598
2014/6/12,149.6842598,149.7134263
2014/6/13,149.7134263,149.7427261
2014/6/14,149.7427261,149.7721503
2014/6/15,149.7721503,149.8016901
2014/6/16,149.8016901,149.8313365
2014/6/17,149.8313365,149.8610806
2014/6/18,149.8610806,149.8909137
2014/6/19,149.8909137,149.9208267
2014/6/20,149.9208267,149.9508108
2014/6/21,149.9508108,149.9808572
2014/6/22,149.9808572,150.0109568
2014/6/23,150.0109568,150.0411009
2014/6/24,150.0411009,150.0712805
2014/6/25,150.0712805,150.1014868
2014/6/26,150.1014868,150.1317109
2014/6/27,150.1317109,150.1619439
2014/6/28,150.1619439,150.1921769
2014/6/29,150.1921769,150.2224009
2014/6/30,150.2224009,150.2526072
2014/7/1,150.2526072,150.2827869
2014/7/2,150.2827869,150.312931
2014/7/3,150.312931,150.3430306
2014/7/4,150.3430306,150.373077
2014/7/5,150.373077,150.4030611
2014/7/6,150.4030611,150.4329741
2014/7/7,150.4329741,150.4628071
2014/7/8,150.4628071,150.4925513
2014/7/9,150.4925513,150.5221977
2014/7/10,150.5221977,150.5517375
2014/7/11,150.5517375,150.5811617
2014/7/12,150.5811617,150.6104615
2014/7/13,150.6104615,150.639628
2014/7/14,150.639628,150.6686523
2014/7/15,150.6686523,150.6975255
2014/7/16,150.6975255,150.7262387
2014/7/17,150.7262387,150.7547831
2014/7/18,150.7547831,150.7831498
2014/7/19,150.7831498,150.8113298
2014/7/20,150.8113298,150.8393143
2014/7/21,150.8393143,150.8670944
2014/7/22,150.8670944,150.8946611
2014/7/23,150.8946611,150.9220057
2014/7/24,150.9220057,150.9491193
2014/7/25,150.9491193,150.9759929
2014/7/26,150.9759929,151.0026176
2014/7/27,151.0026176,151.0289846
2014/7/28,151.0289846,151.055085
2014/7/29,151.055085,151.0809099
2014/7/30,151.0809099,151.1064504
2014/7/31,151.1064504,151.1316976
2014/8/1,151.1316976,151.1566426
2014/8/2,151.1566426,151.1812766
2014/8/3,151.1812766,151.2055907
2014/8/4,151.2055907,151.2295759
2014/8/5,151.2295759,151.2532234
2014/8/6,151.2532234,151.2765243
2014/8/7,151.2765243,151.2994697
2014/8/8,151.2994697,151.3220508
2014/8/9,151.3220508,151.3442585
2014/8/10,151.3442585,151.3660842
2014/8/11,151.3660842,151.3875187
2014/8/12,151.3875187,151.4085534
2014/8/13,151.4085534,151.4291792
2014/8/14,151.4291792,151.4493874
2014/8/15,151.4493874,151.4691689
2014/8/16,151.4691689,151.488515
2014/8/17,151.488515,151.5074167
2014/8/18,151.5074167,151.5258652
2014/8/19,151.5258652,151.5438515
2014/8/20,151.5438515,151.5613668
2014/8/21,151.5613668,151.5784022
2014/8/22,151.5784022,151.5949488
2014/8/23,151.5949488,151.6109977
2014/8/24,151.6109977,151.62654
2014/8/25,151.62654,151.6415669
2014/8/26,151.6415669,151.6560694
2014/8/27,151.6560694,151.6700387
2014/8/28,151.6700387,-30.59760109
2014/8/29,-30.59760109,-30.77299717
2014/8/30,-30.77299717,-30.90473512
2014/8/31,-30.90473512,-30.98858035
2014/9/1,-30.98858035,-31.01947344
2014/9/2,-31.01947344,-30.99235499
2014/9/3,-30.99235499,-30.90216556
2014/9/4,-30.90216556,-30.74384576
2014/9/5,-30.74384576,-30.51233617
2014/9/6,-30.51233617,-30.20257737
2014/9/7,-30.20257737,-29.80950995
2014/9/8,-29.80950995,-29.3280745
2014/9/9,-29.3280745,-28.7532116
2014/9/10,-28.7532116,-28.07986183
2014/9/11,-28.07986183,-27.30296579
2014/9/12,-27.30296579,-26.41746406
2014/9/13,-26.41746406,-25.41829722
2014/9/14,-25.41829722,-24.302394
2014/9/15,-24.302394,-23.07463564
2014/9/16,-23.07463564,-21.74189152
2014/9/17,-21.74189152,-20.31103104
2014/9/18,-20.31103104,-18.78892357
2014/9/19,-18.78892357,-17.1824385
2014/9/20,-17.1824385,-15.4984452
2014/9/21,-15.4984452,-13.74381307
2014/9/22,-13.74381307,-11.92541148
2014/9/23,-11.92541148,-10.05010981
2014/9/24,-10.05010981,-8.12477746
2014/9/25,-8.12477746,-6.1562838
2014/9/26,-6.1562838,-4.151498215
2014/9/27,-4.151498215,-2.11729009
2014/9/28,-2.11729009,-0.060659598
2014/9/29,-0.060659598,2.010412013
2014/9/30,2.010412013,4.085981077
2014/10/1,4.085981077,6.15564602
2014/10/2,6.15564602,8.209005271
2014/10/3,8.209005271,10.23565726
2014/10/4,10.23565726,12.2252004
2014/10/5,12.2252004,14.16723314
2014/10/6,14.16723314,16.05135389
2014/10/7,16.05135389,17.86716108
2014/10/8,17.86716108,19.60425315
2014/10/9,19.60425315,21.25222851
2014/10/10,21.25222851,22.8006856
2014/10/11,22.8006856,24.23922284
2014/10/12,24.23922284,25.55743866
2014/10/13,25.55743866,26.74493148
2014/10/14,26.74493148,27.79129974
2014/10/15,27.79129974,28.68614186
2014/10/16,28.68614186,29.41905627
2014/10/17,29.41905627,29.97964139
2014/10/18,29.97964139,30.36045576
2014/10/19,30.36045576,30.56589833
2014/10/20,30.56589833,30.60332816
2014/10/21,30.60332816,30.48010431
2014/10/22,30.48010431,30.20358584
2014/10/23,30.20358584,29.7811318
2014/10/24,29.7811318,29.22010126
2014/10/25,29.22010126,28.52785327
2014/10/26,28.52785327,27.7117469
2014/10/27,27.7117469,26.77914119
2014/10/28,26.77914119,25.73739522
2014/10/29,25.73739522,24.59386803
2014/10/30,24.59386803,23.35591869
2014/10/31,23.35591869,22.03090625
2014/11/1,22.03090625,20.62618978
2014/11/2,20.62618978,19.14912834
2014/11/3,19.14912834,17.60708097
2014/11/4,17.60708097,16.00740675
2014/11/5,16.00740675,14.35742717
2014/11/6,14.35742717,12.66431352
2014/11/7,12.66431352,10.93519955
2014/11/8,10.93519955,9.177218977
2014/11/9,9.177218977,7.397505547
2014/11/10,7.397505547,5.603192992
2014/11/11,5.603192992,3.801415048
2014/11/12,3.801415048,1.999305449
2014/11/13,1.999305449,0.203997932
2014/11/14,0.203997932,-1.577373769
2014/11/15,-1.577373769,-3.337675918
2014/11/16,-3.337675918,-5.069774781
2014/11/17,-5.069774781,-6.766536622
2014/11/18,-6.766536622,-8.420827705
2014/11/19,-8.420827705,-10.0255143
2014/11/20,-10.0255143,-11.57346266
2014/11/21,-11.57346266,-13.05753906
2014/11/22,-13.05753906,-14.47162249
2014/11/23,-14.47162249,-15.81364288
2014/11/24,-15.81364288,-17.08300596
2014/11/25,-17.08300596,-18.28096976
2014/11/26,-18.28096976,-19.40925543
2014/11/27,-19.40925543,-20.46958407
2014/11/28,-20.46958407,-21.46367682
2014/11/29,-21.46367682,-22.39325479
2014/11/30,-22.39325479,-23.26003912
2014/12/1,-23.26003912,-24.06575093
2014/12/2,-24.06575093,-24.81211133
2014/12/3,-24.81211133,-25.50084146
2014/12/4,-25.50084146,-26.13366244
2014/12/5,-26.13366244,-26.71229539
2014/12/6,-26.71229539,-27.23846145
2014/12/7,-27.23846145,-27.71388172
2014/12/8,-27.71388172,-28.14027733
2014/12/9,-28.14027733,-28.51936942
2014/12/10,-28.51936942,-28.8528791
2014/12/11,-28.8528791,-29.1425275
2014/12/12,-29.1425275,-29.39003574
2014/12/13,-29.39003574,-29.59712495
2014/12/14,-29.59712495,-29.76551625
2014/12/15,-29.76551625,-29.89693076
2014/12/16,-29.89693076,-29.99308962
2014/12/17,-29.99308962,-30.05571393
2014/12/18,-30.05571393,-30.08652483
2014/12/19,-30.08652483,-30.08724344
2014/12/20,-30.08724344,-30.05959089
2014/12/21,-30.05959089,-30.0052883
2014/12/22,-30.0052883,-29.92605679
2014/12/23,-29.92605679,-29.82361749
2014/12/24,-29.82361749,-29.69969152
2014/12/25,-29.69969152,-29.55570193
2014/12/26,-29.55570193,-18.14857088
2014/12/27,-18.14857088,-23.30439398
2014/12/28,-23.30439398,-27.88067174
2014/12/29,-27.88067174,-10.83806017
2014/12/30,-10.83806017,17.32871983
2014/12/31,17.32871983,18.93923482
2015/1/1,18.93923482,-0.099335515
2015/1/2,-0.099335515,-12.5149346
2015/1/3,-12.5149346,1.243761943
2015/1/4,1.243761943,20.77912352
2015/1/5,20.77912352,16.1472231
2015/1/6,16.1472231,-27.51575341
2015/1/7,-27.51575341,-63.71287994
2015/1/8,-63.71287994,-28.12350943
2015/1/9,-28.12350943,47.85463449
2015/1/10,47.85463449,102.9809148
2015/1/11,102.9809148,71.59170195
2015/1/12,71.59170195,-13.84581571
2015/1/13,-13.84581571,-89.86931097
2015/1/14,-89.86931097,-95.59035837
2015/1/15,-95.59035837,-47.1788217
2015/1/16,-47.1788217,18.54105014
2015/1/17,18.54105014,61.55113813
2015/1/18,61.55113813,53.50064332
2015/1/19,53.50064332,16.05159183
2015/1/20,16.05159183,-19.22392899
2015/1/21,-19.22392899,-31.12641181
2015/1/22,-31.12641181,-10.69188552
2015/1/23,-10.69188552,15.78521318
2015/1/24,15.78521318,30.10334668
2015/1/25,30.10334668,34.35906417
2015/1/26,34.35906417,31.82665153
2015/1/27,31.82665153,26.27230203
2015/1/28,26.27230203,18.4835989
2015/1/29,18.4835989,8.181628735
2015/1/30,8.181628735,-5.609958353
2015/1/31,-5.609958353,-24.04187134
2015/2/1,-24.04187134,-46.81207206
2015/2/2,-46.81207206,-67.80753386
2015/2/3,-67.80753386,-79.46248292
2015/2/4,-79.46248292,-73.58856965
2015/2/5,-73.58856965,-41.64887289
2015/2/6,-41.64887289,12.28658914
2015/2/7,12.28658914,65.71949242
2015/2/8,65.71949242,100.9440509
2015/2/9,100.9440509,102.6182605
2015/2/10,102.6182605,61.87556289
2015/2/11,61.87556289,-4.248815175
2015/2/12,-4.248815175,-72.244201
2015/2/13,-72.244201,-119.1702738
2015/2/14,-119.1702738,-127.0195337
2015/2/15,-127.0195337,-89.27125436
2015/2/16,-89.27125436,-9.01460487
2015/2/17,-9.01460487,82.87995644
2015/2/18,82.87995644,138.0026544
2015/2/19,138.0026544,129.4070909
2015/2/20,129.4070909,45.35515169
2015/2/21,45.35515169,-70.00692504
2015/2/22,-70.00692504,-113.2180264
2015/2/23,-113.2180264,-51.7278473
2015/2/24,-51.7278473,29.11735908
2015/2/25,29.11735908,73.52426621
2015/2/26,73.52426621,55.53125354
2015/2/27,55.53125354,9.354261561
2015/2/28,9.354261561,-23.67549982
2015/3/1,-23.67549982,-33.94330411
2015/3/2,-33.94330411,-20.17291848
2015/3/3,-20.17291848,12.04323427
2015/3/4,12.04323427,35.77870147
2015/3/5,35.77870147,27.29886867
2015/3/6,27.29886867,-1.633405807
2015/3/7,-1.633405807,-28.66934401
2015/3/8,-28.66934401,-49.89044218
2015/3/9,-49.89044218,-66.4371308
2015/3/10,-66.4371308,-79.44984036
2015/3/11,-79.44984036,-90.34309099
2015/3/12,-90.34309099,-100.4326657
2015/3/13,-100.4326657,-106.3756334
2015/3/14,-106.3756334,-102.8799093
2015/3/15,-102.8799093,-84.92184342
2015/3/16,-84.92184342,-51.32685862
2015/3/17,-51.32685862,-4.136609871
2015/3/18,-4.136609871,45.73576816
2015/3/19,45.73576816,81.23901415
2015/3/20,81.23901415,77.56549338
2015/3/21,77.56549338,39.23773313
2015/3/22,39.23773313,-12.28180699
2015/3/23,-12.28180699,-42.74661911
2015/3/24,-42.74661911,-27.29416026
2015/3/25,-27.29416026,9.83268308
2015/3/26,9.83268308,31.04114208
2015/3/27,31.04114208,12.48961488
2015/3/28,12.48961488,-18.40500631
2015/3/29,-18.40500631,-35.03032262
2015/3/30,-35.03032262,-32.83376544
2015/3/31,-32.83376544,-11.50978681
2015/4/1,-11.50978681,16.79881769
2015/4/2,16.79881769,36.93767339
2015/4/3,36.93767339,35.59615978
2015/4/4,35.59615978,8.571359966
2015/4/5,8.571359966,-19.6429299
2015/4/6,-19.6429299,-27.17808889
2015/4/7,-27.17808889,-17.31279751
2015/4/8,-17.31279751,-0.614753403
2015/4/9,-0.614753403,13.67248965
2015/4/10,13.67248965,23.0659616
2015/4/11,23.0659616,26.01522432
2015/4/12,26.01522432,16.25170823
2015/4/13,16.25170823,-10.50977515
2015/4/14,-10.50977515,-41.45677474
2015/4/15,-41.45677474,-44.33519072
2015/4/16,-44.33519072,-11.13086037
2015/4/17,-11.13086037,35.94205787
2015/4/18,35.94205787,57.47661813
2015/4/19,57.47661813,34.97094497
2015/4/20,34.97094497,-5.643442561
2015/4/21,-5.643442561,-37.43669234
2015/4/22,-37.43669234,-56.3198312
2015/4/23,-56.3198312,-63.66407884
2015/4/24,-63.66407884,-60.91967237
2015/4/25,-60.91967237,38.98955199
2015/4/26,38.98955199,43.72100941
2015/4/27,43.72100941,45.30358566
2015/4/28,45.30358566,43.11023096
2015/4/29,43.11023096,36.02453996
2015/4/30,36.02453996,23.26986209
2015/5/1,23.26986209,6.153507485
2015/5/2,6.153507485,-12.61277601
2015/5/3,-12.61277601,-29.85166846
2015/5/4,-29.85166846,-41.46590561
2015/5/5,-41.46590561,-43.5591475
2015/5/6,-43.5591475,-34.94275711
2015/5/7,-34.94275711,-18.79525406
2015/5/8,-18.79525406,0.635362779
2015/5/9,0.635362779,18.75942397
2015/5/10,18.75942397,30.90184243
2015/5/11,30.90184243,33.70803717
2015/5/12,33.70803717,29.00370303
2015/5/13,29.00370303,19.52804635
2015/5/14,19.52804635,7.918524791
2015/5/15,7.918524791,-3.337078433
2015/5/16,-3.337078433,-12.34967805
2015/5/17,-12.34967805,-17.37986326
2015/5/18,-17.37986326,-17.24754501
2015/5/19,-17.24754501,-13.02871311
2015/5/20,-13.02871311,-6.433846994
2015/5/21,-6.433846994,0.799690641
2015/5/22,0.799690641,7.091747446
2015/5/23,7.091747446,11.61238191
2015/5/24,11.61238191,13.78091312
2015/5/25,13.78091312,13.29609139
2015/5/26,13.29609139,10.18961344
2015/5/27,10.18961344,4.975857869
2015/5/28,4.975857869,-1.720298997
2015/5/29,-1.720298997,-9.273980828
2015/5/30,-9.273980828,-17.05361007
2015/5/31,-17.05361007,-24.40080428
2015/6/1,-24.40080428,-30.6504798
2015/6/2,-30.6504798,-35.13755296
2015/6/3,-35.13755296,-37.19117541
2015/6/4,-37.19117541,-36.28927886
2015/6/5,-36.28927886,-32.59138538
2015/6/6,-32.59138538,-26.42885579
2015/6/7,-26.42885579,-18.13305092
2015/6/8,-18.13305092,-8.035331607
2015/6/9,-8.035331607,3.532941323
2015/6/10,3.532941323,16.10179853
2015/6/11,16.10179853,28.64683666
2015/6/12,28.64683666,40.00504383
2015/6/13,40.00504383,49.01340818
2015/6/14,49.01340818,54.50891782
2015/6/15,54.50891782,55.5865368
2015/6/16,55.5865368,52.33345142
2015/6/17,52.33345142,44.93609845
2015/6/18,44.93609845,33.54123332
2015/6/19,33.54123332,18.67017243
2015/6/20,18.67017243,2.342476219
2015/6/21,2.342476219,-13.04773388
2015/6/22,-13.04773388,-25.10633644
2015/6/23,-25.10633644,-31.90943885
2015/6/24,-31.90943885,-33.41406385
2015/6/25,-33.41406385,-30.04263933
2015/6/26,-30.04263933,-22.48021978
2015/6/27,-22.48021978,-12.53832136
2015/6/28,-12.53832136,-2.324781936
2015/6/29,-2.324781936,6.048960478
2015/6/30,6.048960478,10.92811092
2015/7/1,10.92811092,12.48444655
2015/7/2,12.48444655,11.38367234
2015/7/3,11.38367234,8.405158621
2015/7/4,8.405158621,4.223665623
2015/7/5,4.223665623,-0.521520161
2015/7/6,-0.521520161,-5.191112232
2015/7/7,-5.191112232,-9.143734531
2015/7/8,-9.143734531,-11.72965275
2015/7/9,-11.72965275,-12.31507464
2015/7/10,-12.31507464,-10.33833442
2015/7/11,-10.33833442,-5.408218378
2015/7/12,-5.408218378,2.112428792
2015/7/13,2.112428792,11.13083542
2015/7/14,11.13083542,20.4098532
2015/7/15,20.4098532,28.71233383
2015/7/16,28.71233383,34.80112902
2015/7/17,34.80112902,37.43909045
2015/7/18,37.43909045,35.6695401
2015/7/19,35.6695401,29.65768102
2015/7/20,29.65768102,19.84918653
2015/7/21,19.84918653,6.689729948
2015/7/22,6.689729948,-9.216333693
2015/7/23,-9.216333693,-26.29259635
2015/7/24,-26.29259635,-41.45466366
2015/7/25,-41.45466366,-51.72585961
2015/7/26,-51.72585961,-55.90968606
2015/7/27,-55.90968606,-53.2362605
2015/7/28,-53.2362605,-43.41573555
2015/7/29,-43.41573555,-28.35483778
2015/7/30,-28.35483778,-10.51404442
2015/7/31,-10.51404442,7.646167291
2015/8/1,7.646167291,23.6653201
2015/8/2,23.6653201,35.44126862
2015/8/3,35.44126862,42.30519481
2015/8/4,42.30519481,43.9550704
2015/8/5,43.9550704,40.44710449
2015/8/6,40.44710449,33.14358667
2015/8/7,33.14358667,23.73121223
2015/8/8,23.73121223,13.76900714
2015/8/9,13.76900714,4.305320307
2015/8/10,4.305320307,-3.838863183
2015/8/11,-3.838863183,-10.24133636
2015/8/12,-10.24133636,-14.57958677
2015/8/13,-14.57958677,-16.53110199
2015/8/14,-16.53110199,-15.9610333
2015/8/15,-15.9610333,-13.48985447
2015/8/16,-13.48985447,-9.944372929
2015/8/17,-9.944372929,-6.074747173
2015/8/18,-6.074747173,-2.305870028
2015/8/19,-2.305870028,1.0186821
2015/8/20,1.0186821,3.555332807
2015/8/21,3.555332807,4.960505686
2015/8/22,4.960505686,4.987768567
2015/8/23,4.987768567,-28.91802538
2015/8/24,-28.91802538,-29.76772961
2015/8/25,-29.76772961,-29.16156346
2015/8/26,-29.16156346,-26.99940686
2015/8/27,-26.99940686,-23.44792935
2015/8/28,-23.44792935,-18.74029168
2015/8/29,-18.74029168,-13.10965462
2015/8/30,-13.10965462,-6.789178898
2015/8/31,-6.789178898,-0.01202528
2015/9/1,-0.01202528,6.988645487
2015/9/2,6.988645487,13.96964071
2015/9/3,13.96964071,20.64181093
2015/9/4,20.64181093,26.68265863
2015/9/5,26.68265863,31.76385726
2015/9/6,31.76385726,35.55708026
2015/9/7,35.55708026,37.7340011
2015/9/8,37.7340011,37.96629322
2015/9/9,37.96629322,36.02936685
2015/9/10,36.02936685,32.11357939
2015/9/11,32.11357939,26.51302499
2015/9/12,26.51302499,19.52179782
2015/9/13,19.52179782,11.43399205
2015/9/14,11.43399205,2.543701835
2015/9/15,2.543701835,-6.854978651
2015/9/16,-6.854978651,-16.44916328
2015/9/17,-16.44916328,-25.85079803
2015/9/18,-25.85079803,-34.64494565
2015/9/19,-34.64494565,-42.38430366
2015/9/20,-42.38430366,-48.61347831
2015/9/21,-48.61347831,-52.9367609
2015/9/22,-52.9367609,-55.23787396
2015/9/23,-55.23787396,-55.6228579
2015/9/24,-55.6228579,-54.23746297
2015/9/25,-54.23746297,-51.22547701
2015/9/26,-51.22547701,-46.73022993
2015/9/27,-46.73022993,-40.90175289
2015/9/28,-40.90175289,-33.91688191
2015/9/29,-33.91688191,-25.95915427
2015/9/30,-25.95915427,-17.21210721
2015/10/1,-17.21210721,-7.86504267
2015/10/2,-7.86504267,1.866230985
2015/10/3,1.866230985,11.74634992
2015/10/4,11.74634992,21.53650258
2015/10/5,21.53650258,30.99787743
2015/10/6,30.99787743,39.89166293
2015/10/7,39.89166293,47.97904752
2015/10/8,47.97904752,55.02121966
2015/10/9,55.02121966,60.7793678
2015/10/10,60.7793678,65.01468041
2015/10/11,65.01468041,67.48834594
2015/10/12,67.48834594,67.96155283
2015/10/13,67.96155283,66.24532329
2015/10/14,66.24532329,62.3896958
2015/10/15,62.3896958,56.65326803
2015/10/16,56.65326803,49.334319
2015/10/17,49.334319,40.73112774
2015/10/18,40.73112774,31.14197328
2015/10/19,31.14197328,20.86513464
2015/10/20,20.86513464,10.19889084
2015/10/21,10.19889084,-0.558479085
2015/10/22,-0.558479085,-11.10869612
2015/10/23,-11.10869612,-21.15830491
2015/10/24,-21.15830491,-30.43523604
2015/10/25,-30.43523604,-38.67700858
2015/10/26,-38.67700858,-45.60883237
2015/10/27,-45.60883237,-50.95231716
2015/10/28,-50.95231716,-54.4763429
2015/10/29,-54.4763429,-56.1388703
2015/10/30,-56.1388703,-55.98241506
2015/10/31,-55.98241506,-54.19859444
2015/11/1,-54.19859444,-51.01616023
2015/11/2,-51.01616023,-46.66382668
2015/11/3,-46.66382668,-41.37030803
2015/11/4,-41.37030803,-35.3664081
2015/11/5,-35.3664081,-28.89128894
2015/11/6,-28.89128894,-22.16817056
2015/11/7,-22.16817056,-15.34814648
2015/11/8,-15.34814648,-8.564278622
2015/11/9,-8.564278622,-1.949628888
2015/11/10,-1.949628888,4.362740807
2015/11/11,4.362740807,10.23976855
2015/11/12,10.23976855,15.54839244
2015/11/13,15.54839244,20.15555056
2015/11/14,20.15555056,23.928181
2015/11/15,23.928181,26.77207682
2015/11/16,26.77207682,28.748451
2015/11/17,28.748451,29.95838423
2015/11/18,29.95838423,30.5070081
2015/11/19,30.5070081,30.50093004
2015/11/20,30.50093004,30.04860978
2015/11/21,30.04860978,29.25897013
2015/11/22,29.25897013,28.2409339
2015/11/23,28.2409339,27.1034239
2015/11/24,27.1034239,25.93693406
2015/11/25,25.93693406,24.75824277
2015/11/26,24.75824277,23.56569956
2015/11/27,23.56569956,22.35765394
2015/11/28,22.35765394,21.13245543
2015/11/29,21.13245543,19.88845355
2015/11/30,19.88845355,18.6239978
2015/12/1,18.6239978,17.33743771
2015/12/2,17.33743771,16.01866487
2015/12/3,16.01866487,14.6334183
2015/12/4,14.6334183,13.17769566
2015/12/5,13.17769566,11.65717369
2015/12/6,11.65717369,10.07752916
2015/12/7,10.07752916,8.444438856
2015/12/8,8.444438856,6.763579529
2015/12/9,6.763579529,5.04062795
2015/12/10,5.04062795,3.281260886
2015/12/11,3.281260886,1.491155104
2015/12/12,1.491155104,-0.318253086
2015/12/13,-0.318253086,-2.107821722
2015/12/14,-2.107821722,-3.813979363
2015/12/15,-3.813979363,-5.368487083
2015/12/16,-5.368487083,-6.703105958
2015/12/17,-6.703105958,-7.749597063
2015/12/18,-7.749597063,-8.439721472
2015/12/19,-8.439721472,-8.70524026
2015/12/20,-8.70524026,-8.496339406
